<?xml version="1.0" encoding="UTF-8"?>
<project-private xmlns="http://www.netbeans.org/ns/project-private/1">
    <editor-bookmarks xmlns="http://www.netbeans.org/ns/editor-bookmarks/2" lastBookmarkId="0"/>
    <open-files xmlns="http://www.netbeans.org/ns/projectui-open-files/2">
        <group>
            <file>file:/D:/Proyectofinal/trabajo-final/src/entities/Worker.java</file>
            <file>file:/D:/Proyectofinal/trabajo-final/src/gui/JIFSalesGUI.java</file>
            <file>file:/D:/Proyectofinal/trabajo-final/src/gui/Login.java</file>
            <file>file:/D:/Proyectofinal/trabajo-final/src/gui/JIFProductoGUI.java</file>
            <file>file:/D:/Proyectofinal/trabajo-final/src/entities/Client.java</file>
            <file>file:/D:/Proyectofinal/trabajo-final/src/entities/Sales.java</file>
            <file>file:/D:/Proyectofinal/trabajo-final/src/gui/reporteventas.java</file>
            <file>file:/D:/Proyectofinal/trabajo-final/src/gui/JIFClientGUI.java</file>
            <file>file:/D:/Proyectofinal/trabajo-final/src/gui/JIFWorkerGUI.java</file>
            <file>file:/D:/Proyectofinal/trabajo-final/src/resources/Resources.java</file>
            <file>file:/D:/Proyectofinal/trabajo-final/src/entities/Person.java</file>
            <file>file:/D:/Proyectofinal/trabajo-final/src/implement/ImplSales.java</file>
            <file>file:/D:/Proyectofinal/trabajo-final/src/salesv1/SalesV1.java</file>
            <file>file:/D:/Proyectofinal/trabajo-final/src/implement/ImplPerson.java</file>
            <file>file:/D:/Proyectofinal/trabajo-final/src/gui/Menu.java</file>
            <file>file:/D:/Proyectofinal/trabajo-final/src/entities/Producto.java</file>
            <file>file:/D:/Proyectofinal/trabajo-final/src/entities/DetailSales.java</file>
        </group>
    </open-files>
</project-private>
